business_id,name,address,city,state,latitude,longitude,ranking
hLlDzRaDGN-0SlEWk0xTpQ,Breads on Oak Cafe & Bakery,8640 Oak St,New Orleans,LA,29.95113,-90.1348639,1
ukMy1_eFj5nKSZSPYd4LSA,Nola Vegan,1923 Leonidas St,New Orleans,LA,29.9561495,-90.1279653,2
s4JWixWbeLhyUw1pEI2Cfg,Loya's Mexican Restaurant,3102 Fern St,New Orleans,LA,29.9603554,-90.112916,3
NBnCQ51OSgf9RYEczzRKkw,Paella Nola,,New Orleans,LA,29.9450835,-90.1261013,4
paf-TbchoCfQoHPVOoNvlQ,Seafood Sally's,8400 Oak St,New Orleans,LA,29.9493462,-90.1326987,5
MBBYCVzoQjNYaDlLjHd8AQ,Taqueria DF,Claiborne Ave & Eagle St,New Orleans,LA,29.96058,-90.1265177,6
znmW7djuEJjlMI0hw-utEw,Red Star Chinese Restaurant,8330 Earhart Blvd,New Orleans,LA,29.9624302,-90.1178508,7
aeIWVa6G54UUo6yloJkyJg,Lebanon's Cafe,1500 S Carrollton Ave,New Orleans,LA,29.949729,-90.127641,8
PupRtvjjZJcLzIlkMw3hpA,Barrows Catfish Restaurant New orleans,"8300 Earhart Blvd, Ste 103",New Orleans,LA,29.962288906,-90.1177174251,9
bLRniXOqbySqRKnR_2meJg,Subway,1332 S Carrollton Ave,New Orleans,LA,29.9486977169,-90.1286461559,10
6jKFWxE2fJIhfwbYgwqcfg,Barcelona Tapas,720 Dublin St,New Orleans,LA,29.9450458376,-90.1340996944,11
FSvFk1lWR0YBYP_-L_iLTQ,Rue De La Course,1140 S Carrollton Ave,New Orleans,LA,29.9473419,-90.1299849,12
-fJPJP7iOd1ukDNqTSINIg,Riccobono’s Panola St. Cafe,7801 Panola St,New Orleans,LA,29.9517993,-90.1204497,13
gWKOrelk92IMrWvS_iFcqg,14 Parishes on Oak,8227 Oak St,New Orleans,LA,29.9486701,-90.1311269,14
ujM10t6IRJGA2I5mYpd8XQ,El Taco Loco,1120 S Carrollton Ave,New Orleans,LA,29.9472200137,-90.1303499937,15
2MHNvEPEGxvBxZLXM5ESpg,Pho Bistreaux,"1200 S Carrollton Ave, Ste A",New Orleans,LA,29.9475543,-90.1297535,16
xFk0apIOljR2DL5Zj-VNOA,Chinese American Cafe,1228 Jefferson Hwy,New Orleans,LA,29.962097,-90.1428072,17
GUgIOkipkxvabF5jQCctVQ,Five Happiness Chinese Restaurant,3605 S Carrollton Ave,New Orleans,LA,29.964386,-90.110862,18
BfkqPDZ2Tt7Afhp5gn3wfw,Thai Mint,1438 S Carrollton Ave,New Orleans,LA,29.9493849,-90.1276515,19
gPJINUjnBmnn8veAYMo8Zw,Adams Street Grocery & Deli,1309 Adams St,New Orleans,LA,29.9455586,-90.1253740811,20
EOQsMjsbd8DZ5-H-yuRmmg,Sam's Po-Boys,260 Brooklyn Ave,Jefferson,LA,29.9604508,-90.1404489,21
-ZAVJcrczPaTVYa5KUUuRg,Raising Cane's Chicken Fingers,3235 S Carrollton Ave,New Orleans,LA,29.961948,-90.113459,22
iYUwyARgC_RNPA1rTlL3-Q,Crabby Jack's,428 Jefferson Hwy,New Orleans,LA,29.964702,-90.1355104,23
X1aAjsufci2ibaxSbhFl4Q,Ajun Cajun,8433 Oak St,New Orleans,LA,29.9501047092,-90.1328084,24
854d-ziK_hQFmbNdvF3ZsA,LUCA eats,7329 Cohn St,New Orleans,LA,29.9487467933,-90.1199507258,25
ifC2ha-7HZt4xKUVou6wTw,Grounded Coffee Cafe,1204 Jefferson Hwy,Jefferson,LA,29.9621315,-90.142493,26
OZ75-Oqne48k7DTTpeggGA,Domino's Pizza,3212 S. Carrolton Ave,New Orleans,LA,29.9621802,-90.1143841,27
82_lGisVlstS_ojKZw9qNw,CIBO,"1114 S Carrolton Ave, Ste A",New Orleans,LA,29.947222,-90.130478,28
EJeq9K5-ilBj8bSbCX4cMw,IHOP,3511 S Carrollton Ave,New Orleans,LA,29.9644,-90.1108,29
qoX0BWUTCIEXJAN-5Je_lQ,Waffle House,612 Jefferson Hwy,Jefferson,LA,29.9648902,-90.1370927,30
cpsdgiE7hmOw8UtymGTkCQ,Oak,8118 Oak St,New Orleans,LA,29.9475942,-90.1303617,31
WT8Xrlie27iXnZAzsrf5ig,Panchita's Mexican Criolla,1434 S Carrollton Ave,New Orleans,LA,29.9494438,-90.1277928,32
2mBzfKvAM4kSU6Gm9WS7lg,d4 Tabletop Gaming Cafe,8228 Oak St,New Orleans,LA,29.9484004543,-90.1312233653,33
UxPNpzKEC4FpdidHz8MCcA,McDonald's,3443 S Carrollton,New Orleans,LA,29.963288674,-90.1118321,34
lcTR-NewLIrTTYwyAJJzUg,Subway,"3502 S Carrollton Ave, Ste K",New Orleans,LA,29.9649693497,-90.1121672298,35
TMBbCDQG6bENJoQSST0XiA,Brigtsen's Restaurant,723 Dante St,New Orleans,LA,29.9456059,-90.1346452,36
eSiK2t53rksd2AqQLxiADw,Popeyes Louisiana Kitchen,3100 S Carrollton Ave,New Orleans,LA,29.9615142,-90.1150473,37
wXyHGKmlvQUBGexb2my0JQ,Tru Burger,8115 Oak St,New Orleans,LA,29.9477866,-90.130095,38
V4rJ61k14_u0t-rZzLbXiA,Burger King,2423 S Carrollton Ave,New Orleans,LA,29.9562251,-90.1195715368,39
75-8g8QXc2ogOT3Kh2JuTA,Who Dat,7838 Earhart Blvd,New Orleans,LA,29.9597542,-90.1131839,40
yY3kq6_2m1FyY9MgaiHgoQ,Ye Olde College Inn,3000 S Carrollton Ave,New Orleans,LA,29.9605088,-90.115896,41
DeWn3Uv2DucZZvATXmfKNg,Rally's,3222 South Carrollton Ave,New Orleans,LA,29.9622704,-90.1141545,42
phjKQDkg4l062nUifkqbLQ,Wendy's,3138 S. Carrollton Ave.,New Orleans,LA,29.9618757,-90.1149742,43
asNmnXz9rT7JpJuvuX408w,Subway,"1201 Jefferson Hwy, Ste C",Jefferson,LA,29.9628202,-90.1423646,44
HV7AHORTkLqIfhR-tpRmzg,Asuka Sushi & Hibachi,7912 Earhart Blvd,New Orleans,LA,29.9600836,-90.1134502,45
q1whmG4Jdift2yL5nSJR_Q,Hangout Ramen,1340 S Carrollton Ave,New Orleans,LA,29.948753049,-90.1285501,46
WFGoAG3HF2T1cTVr5HUD2w,Chilango's Bar & Grill,1506 S Carrollton Ave,New Orleans,LA,29.9497631227,-90.1275601611,47
mhj9KWNqKnEAb55-94ZzfA,Live Oak Cafe,8140 Oak St,New Orleans,LA,29.9478968,-90.1306942,48
AZJpX5slpbZUTU9INbwu0g,Nice Guys Bar and Grill,7910 Earhart Blvd,New Orleans,LA,29.960006,-90.113653,49
5rScKeYVjFk8VahsvJv9QA,Mikimoto,3301 S Carrollton Ave,New Orleans,LA,29.9623346259,-90.1132959741,50
